url_path,views_total,views_unique
/astro-informatics/s2fft,36,23
/astro-informatics/s2fft/tree/main/s2fft,6,3
/astro-informatics/s2fft/tree/main/examples,5,3
/astro-informatics/s2fft/blob/main/benchmarks/benchmarking.py,5,1
/astro-informatics/s2fft/pulls,4,3
/astro-informatics/s2fft/tree/main/s2fft/sampling,3,1
/astro-informatics/s2fft/blob/main/examples/spherical_harmonic_transform.py,2,2
/astro-informatics/s2fft/issues,2,2
/astro-informatics/s2fft/tree/main/s2fft/utils,2,2
/astro-informatics/s2fft/blob/main/s2fft/sampling/s2_samples.py,2,1
